{"cameraMode":{"drawMode":0,"name":"Shaded","section":"Shading Mode"},"sceneLighting":false,"audioPlay":false,"sceneViewState":{"m_AlwaysRefresh":false,"showFog":true,"showSkybox":false,"showFlares":true,"showImageEffects":true,"showParticleSystems":true,"showVisualEffectGraphs":true,"m_FxEnabled":true},"in2DMode":false,"pivot":{"x":49.279998779296878,"y":3.058000087738037,"z":45.2198600769043},"rotation":{"x":-0.012267514131963253,"y":-0.968562126159668,"z":0.24351070821285249,"w":-0.048851773142814639},"size":1.7329365015029908,"orthographic":false}